epoch,step,train_loss,val_loss
0,24,,3.2676918506622314
1,49,1.7910842895507812,
1,49,,1.7581400871276855
2,74,,1.2563691139221191
3,99,1.0440765619277954,
3,99,,1.0403506755828857
4,124,,0.9539438486099243
5,149,0.9082306623458862,
5,149,,0.9166947603225708
6,174,,0.8952033519744873
7,199,0.8837825655937195,
7,199,,0.8774438500404358
8,224,,0.8660591840744019
9,249,0.873805046081543,
9,249,,0.8571956157684326
